,bs,time_hour,users,packets,bytes
0,-0.2418485,0.12668695,0.23324926,-0.22006035,0.18178365
1,-0.040251672,0.7165643,0.67633593,-0.29049528,0.30498314
2,-0.31001422,-0.052027322,0.23399158,-0.14979315,0.12264628
3,-0.08329497,0.16142158,0.29088476,-0.14325555,0.20817119
4,-0.030840324,0.05047544,0.5208247,0.058175758,0.025574528
5,-0.04680699,-0.017595297,0.0069987588,-0.28467697,-0.06063012
6,-0.21872261,0.17282687,0.11965056,0.034256414,-0.117959924
7,-0.34121275,0.0520818,0.42668638,0.052250773,-0.005645655
8,0.11034325,0.14440356,0.5673473,-0.11502609,-0.1843124
9,0.4943091,0.6566651,0.58212215,-0.4873472,0.016214319
10,0.20429686,0.32560182,1.0048357,0.20936112,0.42512712
11,0.07933146,0.2539016,0.01608384,-0.061209425,-0.1716586
12,0.027976094,0.6061909,0.49109176,-0.19200212,0.124689154
13,-0.086426675,0.34689337,0.5009154,0.13598332,-0.09464363
14,0.38702503,0.5374681,0.10348673,-0.12340611,-0.037473902
15,0.071166754,0.08351054,-0.15092923,-0.03206303,0.4296439
16,-0.21547353,0.30984563,1.3481145,0.34399545,-0.03603735
17,-0.31180504,0.2792457,0.19068892,-0.04453428,0.1982502
18,-0.1733022,0.20775585,0.12937395,0.14597782,-0.059732474
19,0.33407786,0.40260506,0.10356988,-0.14416063,0.059238028
20,-0.14889449,0.5359976,0.6060442,-0.14919607,0.5192554
21,-0.34970972,0.0057227258,0.25129682,-0.36585167,0.3946172
22,-0.23211078,-0.031041747,-0.32379004,0.025936002,0.40937042
23,-0.37547097,0.11669647,-0.09162444,0.12484574,-0.04421854
24,0.11809388,0.47039688,0.1997932,-0.1038481,-0.25180483
25,-0.64545566,-0.037521265,0.17334945,-0.024962677,0.49259263
26,-0.21483782,0.6143936,0.8969385,0.048738033,-0.25457186
27,-0.26319823,-0.00020046718,0.01168393,0.008868428,0.06045675
28,-0.5420218,-0.28680754,0.8692972,-0.09771341,-0.22409976
29,0.17684926,0.40321803,0.2728469,-0.21519339,-0.045581512
30,0.011014497,0.22521557,-0.13521825,-0.12175407,-0.29269847
31,-0.19153167,-0.22886772,1.2575175,-0.05176699,0.14385208
32,-0.22955808,-0.03554713,0.5272465,0.16582562,0.21918514
33,-0.14247037,0.24400601,0.20531389,-0.11571296,0.00105571
34,-0.2516704,0.042566128,0.3003602,-0.12195172,-0.15986624
35,-0.03601852,0.22360842,0.5476508,-0.3203712,-0.2253949
36,0.19675358,0.48907897,0.33083043,-0.13799952,0.016356595
37,-0.38502142,0.3791954,-0.0412462,-0.061254382,0.002157174
38,-0.010643097,0.15635,0.39640436,-0.06278187,0.20474589
39,0.084135205,0.6211373,-0.1128795,-0.2938886,-0.12218364
40,-0.05923006,0.031733513,0.33296028,-0.066989385,0.047990642
41,0.16783398,0.35812026,0.08783139,-0.19040975,0.11125799
42,-0.25781205,0.29524842,-0.03353886,-0.062078357,0.047017083
43,-0.07773188,0.24672513,0.5363626,0.037607126,0.06526891
44,0.08165628,0.3216558,0.35392627,-0.19811386,0.1529355
45,0.56590444,0.58616525,0.08955534,-0.2543215,-0.3366407
46,-0.49984506,0.09527799,0.32868126,-0.024420632,0.065969385
47,-0.029057862,0.59256124,0.34990793,-0.05514524,-0.20853281
48,0.011519952,0.3356725,0.41498837,-0.111472584,0.25357035
49,0.15605795,0.43323815,0.24730821,-0.07211889,0.026609965
50,-0.15924276,0.031198205,0.12066762,-0.02842862,0.023685165
51,-0.4265332,0.15634142,-0.10288189,-0.20041063,-0.020490982
52,-0.38339427,0.036950268,0.40781203,0.27811667,-0.10853335
53,0.043730244,0.40016818,0.6345292,-0.017172119,-0.2101197
54,-0.3196972,-0.08755178,0.6124313,0.2905009,-0.10888993
55,-0.19661778,0.3343167,0.5064086,-0.07651482,0.2437256
56,0.20586231,0.21702163,0.4912264,-0.17729531,0.09252978
57,0.29309902,0.3396058,0.27254906,-0.3667363,0.0011070892
58,-0.21103221,0.5496443,0.6144487,-0.07207147,-0.11247001
59,-0.5058358,0.2445472,0.3331405,-0.13226044,0.4343229
60,-0.71330637,0.18719561,-0.28908288,0.07792622,0.17873672
61,-0.05710292,0.47008437,0.3461006,-0.22151875,0.19559097
62,-0.056754917,0.22629553,0.14988734,-0.19978951,-0.017374031
63,-0.26238316,0.011953929,0.16879319,-0.31109104,0.24551839
64,0.4793803,0.36450136,1.0657061,0.103244364,0.062459737
65,-0.7071875,0.08369898,-0.13720256,0.06273155,0.058716767
66,-0.43068245,-0.060882673,0.08120641,-0.053276896,0.049999095
67,-0.5760497,0.08788631,-0.11648573,0.10274659,0.12286002
68,-0.10783624,-0.09275662,0.24202813,-0.12711449,-0.08390956
69,-0.05670178,-0.06568252,0.06667067,-0.049230676,0.058935672
70,-0.000492068,0.40509164,0.2519336,-0.06692287,-0.044881325
71,-0.0803625,0.21606384,0.11868808,-0.07600902,-0.096969076
72,0.10713503,0.5707685,0.44251797,-0.39307043,0.0044935867
73,-0.0038665254,0.25753486,0.5159146,-0.09768533,0.05279716
74,-0.007122429,0.051366545,0.5557533,-0.03644471,0.30690992
75,-0.10262351,0.2335957,-0.10255505,0.020506224,-0.14199495
76,-0.14144118,0.25863466,0.41669768,-0.23663816,0.2660959
77,-0.25504032,0.036393993,0.37863418,0.21690696,-0.09991423
78,-0.061975345,0.7771137,0.5372112,-0.33856383,-0.07570357
79,0.30192766,0.6457819,0.6826737,-0.15928607,-0.07708637
80,-0.20811924,0.2782715,0.7198924,0.15165664,-0.37316555
81,-0.031198548,0.16432433,0.4230229,-0.39480227,0.33643565
82,0.34573442,0.70064884,0.238577,-0.69684756,0.5934682
83,-0.3811677,-0.0036037136,0.7691192,0.55751234,-0.09408239
84,-0.2648244,0.11626354,0.31243435,-0.004679678,0.418908
85,0.084634215,0.38247243,0.2138355,-0.1674689,-0.04295411
86,0.1118297,0.37552065,0.2673457,-0.16208321,0.15441763
87,-0.13708746,0.40607238,0.44398376,0.04200484,-0.09155532
88,0.2866926,0.52783835,0.4731482,-0.10491506,-0.37948716
89,0.050657354,0.3876518,0.1968689,-0.22860281,0.273123
90,-0.4430041,-0.18710288,-0.011126315,0.15555793,0.02293805
91,-0.25272182,0.4300077,0.4022286,-0.040106207,-0.11216358
92,0.32779506,0.19863883,1.0099689,0.030819388,0.01456216
93,-0.20583498,0.19003639,0.28093502,-0.11530547,0.07941712
94,0.2511445,0.61800545,0.04837333,-0.5029686,-0.073458396
95,0.07743327,0.42656505,0.2997395,-0.11505173,0.40072185
96,0.19244364,0.50263953,1.3531554,0.27230808,0.25861195
97,-0.072092466,0.3096182,0.8227767,0.22048303,0.21269277
98,0.03883943,0.2627693,0.35722193,-0.17473267,0.14434281
99,-0.16421717,0.17309791,0.2659186,-0.17481254,0.12196199
100,-0.17586687,0.5279335,0.67171663,0.098008744,0.12451
101,-0.11498463,0.44994283,0.5808897,-0.20027095,0.25448316
102,-0.40508357,0.26745343,-0.15407068,0.06566021,-0.1567693
103,0.04012564,0.28909203,-0.056122076,-0.21191458,-0.2614113
104,0.036964156,0.51385796,0.24460126,-0.4199428,-0.11086743
105,0.12251675,0.27181596,0.4059379,-0.13045831,-0.04101132
106,0.05367911,0.06813475,0.79649556,0.21929146,0.43312067
107,-0.26411375,0.4251614,0.6170523,-0.35438743,0.19467151
108,-0.07676795,0.32986814,0.4337835,-0.17430949,0.14575279
109,-0.099251986,0.46802485,0.39083222,0.017052094,-0.024011515
110,0.07057394,0.034077503,0.6467962,0.30776095,0.042131044
111,-0.2376479,0.1529332,0.318277,-0.03263206,0.042742975
112,-0.35192254,0.05431775,0.26402023,0.085150495,0.2255184
113,-0.12545463,0.22513868,0.13345622,-0.36536518,0.63666147
114,-0.029052863,0.11745722,0.16746618,-0.09587984,0.086010195
115,-0.3343459,-0.07236393,0.14010376,-0.1787007,-0.08493774
116,-0.19120507,-0.102714,0.48278227,-0.007884217,-0.10580761
117,-0.19791609,0.3089168,0.955797,-0.17088486,0.23488161
118,-0.5371827,0.25896856,0.08957137,0.13808921,0.07696623
119,-0.18062955,0.15690826,0.32527944,0.08734402,0.56263626
120,0.07595779,0.2421763,-0.15029766,0.042803943,0.09178406
121,-0.30791393,0.0317986,0.5223401,-0.056201816,0.253881
122,0.4487023,1.1588206,1.2261466,0.045729548,-0.09910392
123,-0.21228527,0.2744957,0.18264651,-0.13688067,-0.03659796
124,0.08339527,0.61026925,0.3503849,-0.016693069,0.28916156
125,-0.077243894,0.0861142,0.40062883,-0.096007176,-0.03959585
126,-0.3026885,0.05178178,0.32895374,-0.07113844,0.16541591
127,-0.28498673,0.007120656,0.03476603,-0.1487867,0.24858782
128,-0.06349334,0.3454615,0.482963,-0.24142584,0.28024942
129,-0.17352572,-0.062210813,0.4976124,-0.034117788,0.3181199
130,-0.22874552,0.25827485,0.48993358,0.09271611,-0.32098764
131,0.0061494093,0.52940524,0.40633625,-0.39923838,0.465249
132,-0.21040787,0.3855916,0.2826683,-0.16962814,0.007934086
133,-0.24845676,0.5127306,0.35766503,-0.06988783,0.23621467
134,-0.007424386,0.46012884,0.43495816,-0.2676508,0.07484417
135,-0.8133784,0.0122462455,-0.078023955,0.3370455,-0.35712072
136,0.14395624,0.18918027,0.8298784,0.2823937,0.27197257
137,0.14798155,0.6150125,0.56258583,-0.29470363,0.1654355
138,-0.15300639,0.21028438,-0.015623178,-0.18892774,-0.16105857
139,0.014719749,-0.067111775,0.5580323,0.025668448,0.13201874
140,-0.025181623,0.34242797,0.448819,-0.3668548,0.05425596
141,-0.6027895,0.22873941,0.88354427,-0.035578303,0.11902005
142,0.02883493,0.70947343,0.46941468,-0.10868064,-0.34202796
143,0.0059642773,0.24830873,0.47413662,-0.060169563,0.22700438
144,0.19709164,-0.01229251,0.56168824,-0.04998997,-0.023480251
145,-0.43097436,0.36851,0.12310748,-0.04492463,0.1994124
146,-0.45512354,0.20795338,-0.092582226,-0.04439383,-0.28706184
147,-0.00065467693,-0.010353534,0.41288286,0.15134357,0.09089455
148,0.3346382,0.37569195,0.3446975,-0.1602665,0.051094808
149,-0.2807897,-0.0053474363,0.031645942,0.17167509,0.22834101
150,-0.47882578,0.11186699,0.113511354,-0.083381,0.19945842
151,-0.056758106,0.15756902,0.7436408,0.2664667,0.41056004
152,-0.64039683,0.08529482,0.8774711,0.35104066,-0.1848324
153,0.3834093,0.550941,0.8448738,0.019649023,0.0129310265
154,-0.08973208,0.7807114,0.60165685,-0.22034243,0.2280182
155,-0.5276117,0.030742334,0.39069667,-0.042254187,0.21803463
156,-0.13938329,0.15779714,0.19907442,-0.2954975,-0.17350918
157,-0.014744433,0.57336694,0.3957421,-0.33549133,0.2610604
158,0.2139802,0.5638163,0.5005398,-0.28663275,-0.05121313
159,-0.25945535,0.026144894,0.056646552,-0.13183211,0.34123293
160,-0.050983638,0.62852025,0.47513488,-0.112696104,0.08308821
161,-0.103697956,0.14610848,0.7089801,-0.028327493,0.5323208
162,-0.07988682,0.090191565,0.70594096,0.04167919,-0.05004298
163,-0.050924182,0.11776675,0.58576095,0.02445321,0.20001578
164,-0.16672364,0.14826049,0.52797526,-0.055574797,0.32355112
165,-0.10348123,0.081030525,0.49513456,-0.07432875,0.0980757
166,-0.34975842,0.4385414,0.5107969,-0.002620807,-0.060841605
167,0.16017957,0.19976114,0.510669,-0.03910406,0.21474087
168,-0.0021330137,0.5406554,0.34602174,-0.3016021,0.19921353
169,-1.1519129,0.07452967,0.17876054,0.40014437,-0.3843783
170,-0.012585582,0.18263127,0.15871789,-0.13027352,0.20467693
171,-0.06838766,0.6173433,0.9622325,-0.10781591,0.24688172
172,-0.4169025,0.113630675,0.86866844,-0.13738334,-0.15562272
173,0.02705252,0.33509055,0.07638466,-0.37184352,0.061429955
174,0.085598975,0.34897667,0.43876725,-0.11820364,0.1576381
175,-0.015382096,0.20737313,0.5841073,-0.16350183,0.21858788
176,0.1876825,0.5814031,0.09846939,-0.13003214,-0.26723954
177,-0.34963226,0.10119091,1.0255961,0.48148802,0.08134214
178,-0.31113082,0.18620934,0.31244466,-0.20635907,0.09491677
179,-0.28682193,0.70967865,0.90690506,-0.121010095,0.43407917
180,-0.3147328,0.07230171,-0.03355599,-0.077231556,0.1928764
181,-0.1987611,0.37368822,1.1692027,0.42197612,-0.095658116
182,-0.11396253,0.30381078,0.045738716,-0.11789712,-0.21798596
183,-0.098307826,0.10480631,0.025757197,-0.1716,-0.07814268
184,0.07092382,0.5922846,0.32515657,-0.15997165,0.04749102
185,-0.084174454,0.56636274,0.013879243,-0.3220454,0.13192256
186,0.0759318,0.41494513,0.0428436,-0.048527986,0.25547907
187,-0.08871439,0.32695436,0.8143256,-0.056568637,0.27160224
188,-0.03642136,0.4922016,0.69300914,-0.016732706,0.44180077
189,0.16953544,0.54498243,0.09339087,-0.16093783,-0.17899397
190,-0.42229155,0.03582663,-0.15118633,0.13178058,-0.096084215
191,-0.27107427,0.059991114,0.40956324,-0.073858395,0.25081605
192,0.21610875,0.4973219,0.5189955,-0.19026439,0.09971466
193,-0.18814507,0.4150691,0.73843884,0.10644032,-0.11226069
194,-0.2788949,0.1832498,-0.07205355,-0.01607856,-0.027500223
195,-0.32704356,0.11239866,0.12578155,0.06101115,0.023300208
196,-0.33788332,0.010557184,0.43898126,0.015941637,-0.2787713
197,-0.17104878,0.26421,0.13564369,-0.113349,0.29346883
198,0.13679504,0.5519166,0.6292895,-0.27448982,0.15257502
199,0.15846096,0.36002523,0.4339854,-0.18736735,-0.18698505
200,-0.014973076,0.76595205,0.5172024,-0.18285891,0.092212774
201,-0.21644448,-0.030850684,0.30297422,0.20980033,0.026547343
202,0.03724283,0.17946395,0.19193406,-0.016425854,0.05144749
203,-0.13755693,-0.041246407,0.71136487,0.14192098,0.25032592
204,-0.17987329,0.44662026,0.3006408,-0.2565471,0.08736075
205,-0.07896096,0.36358365,-0.04775808,0.06713423,-0.17039672
206,-0.11672212,0.060619198,0.7737317,0.09515628,0.115407415
207,0.05584287,0.30981034,0.21329805,-0.16000849,-0.33042905
208,-0.027768584,0.36163872,-0.01424947,-0.2016806,-0.26825613
209,-0.16865483,0.049328685,0.10544573,-0.16857192,0.12986466
210,-0.04503634,0.32298088,0.17887934,-0.20177284,0.11994077
211,-0.30492446,-0.041924313,0.17914507,-0.048176296,0.24980137
212,-0.018634276,0.092493966,-0.010719147,-0.33540103,-0.058348127
213,-0.10414198,0.3055456,0.47202423,-0.16376346,-0.084762625
214,-0.08871435,0.19779457,0.2803155,-0.32244095,0.25363714
215,-0.4807533,-0.10031418,0.5976164,-0.020469202,0.057723437
216,-0.73634964,-0.033288933,0.2770137,0.16399118,0.13930067
217,0.049572736,0.21604815,0.19533809,-0.12758718,-0.13254523
218,-0.3705066,-0.046155535,-0.2843862,0.025442751,0.018055506
219,0.3801881,0.63448006,0.6768469,-0.34512752,0.19326699
220,0.026858894,0.38615966,0.040476397,-0.06304384,-0.0032490268
221,0.11675492,0.81110346,0.6971934,-0.10116949,0.13026953
222,0.09057462,0.0962511,0.5436362,0.017910907,0.08491753
223,-0.21577723,-0.117263205,0.03421327,0.014601508,0.078296244
224,-0.10726544,0.47137582,0.43331775,-0.30068746,-0.04608185
225,-0.904882,0.10532142,-0.28415364,0.12722619,-0.44852912
226,0.30022877,0.41886967,0.44856957,-0.29732075,0.2116988
227,-0.1886429,0.42874098,0.37551144,-0.3107156,0.006059088
228,0.0123998355,0.13820274,0.06351091,-0.16633454,-0.081231
229,-0.5113124,0.19753732,0.29815233,-0.12730989,0.14818338
230,-0.3428474,0.10833805,0.30294955,-0.083511576,-0.07067445
231,-0.46488225,0.23038146,0.32350212,-0.37203956,0.20492473
232,-0.16977525,0.5274911,0.53126794,0.08703688,0.13487954
233,-0.2993646,-0.10748779,0.2828078,-0.18955594,0.22496766
234,-0.028973462,0.22354423,0.46902525,0.05133462,0.124390915
235,-0.21536031,0.24233575,0.73354554,0.024774125,0.3825596
236,0.16425098,0.63884175,0.9515853,-0.10401796,0.15195346
237,0.05466582,0.19794461,0.48567507,0.13497694,-0.25783697
238,0.1093114,0.091671236,0.37308982,0.051824152,0.21606043
239,-0.3583074,0.63275206,0.28786713,-0.23801428,0.029164411
240,-0.45936593,0.028831372,0.42866606,0.15735984,0.0689678
241,-0.09961166,0.026491648,0.11742638,-0.1108568,0.03420659
242,0.14222334,0.31077668,0.5858955,-0.26046658,0.10697744
243,-0.1541328,0.010246435,0.421725,-0.046515204,0.07870803
244,-0.04433137,0.1236979,0.30588582,0.12925008,-0.07485353
245,0.0069719534,0.006975161,0.5858277,0.20474036,-0.100095145
246,0.14210773,0.39387983,0.4422032,-0.13198791,0.319467
247,-1.0360528,0.059413724,-0.14100152,0.18596844,0.121984296
248,-0.10915505,-0.027540436,0.74356073,0.056060523,0.026487492
249,-0.065969884,0.21803455,0.97321224,0.24212459,-0.19095829
250,-0.38752055,-0.13775475,0.5907962,0.30676466,0.013192393
251,0.012740133,0.76986474,0.59243804,-0.36091885,0.36518693
252,0.02277234,0.12134538,-0.22771728,-0.16605946,0.08776546
253,-0.10391878,-0.014984028,0.31563684,-0.043399736,-0.046984114
254,0.06438325,0.40381733,0.23451228,-0.19767568,0.00021599978
255,0.13545938,0.8665097,0.37774915,-0.6482067,-0.034980815
256,-0.28536263,0.6317651,0.6645715,-0.13449909,-0.0018581375
257,-0.4606002,-0.09451259,0.42575288,-0.05684662,0.01652948
258,-0.5464012,0.53756714,0.5161547,-0.070296824,-0.11736602
259,-0.041498065,0.2118433,0.5173329,-0.30083016,0.14294207
260,-0.44713104,0.18591525,0.719893,-0.15872586,0.1234136
261,-0.04959415,0.31618106,0.49435982,0.019794906,0.27807513
262,-0.29654902,0.31700647,0.5970618,0.05418776,0.31635666
263,-0.046858087,-0.011662835,0.068121344,-0.08575428,0.062300034
264,0.278368,0.41808993,0.23362856,-0.07308407,-0.082466476
265,0.1402265,0.28091213,0.113353804,-0.18672025,0.0020679012
266,-0.28696057,-0.05088996,0.7338202,-0.1429129,0.6172933
267,-0.043762952,0.29420725,0.8114598,-0.057575807,0.10294212
268,-0.2056368,0.19798683,0.15451166,0.05697392,0.10253027
269,0.03927294,0.054822147,0.044978116,-0.1287524,-0.10654005
270,-0.20874861,0.10935748,0.39018637,0.071153834,0.10987854
271,0.22328602,0.36301184,0.6842583,-0.18942314,0.12536186
272,-0.18848595,0.22703217,0.7899852,-0.15218294,0.26942587
273,-0.25822604,0.044701688,0.060607966,0.2180089,-0.120634906
274,-0.44095972,0.06457185,0.29873058,0.11237344,-0.18922925
275,-0.4256789,0.15379785,0.6162889,0.006058162,0.28933895
276,-0.04087828,-0.06876534,0.17788829,-0.28488106,-0.22415641
277,-0.26151842,0.6933452,0.73945755,0.016355226,-0.11537387
278,-0.45489645,0.42568803,0.9935771,0.11542012,0.59046024
279,0.3000385,0.31063688,0.3369629,0.041842088,0.16954815
280,-0.43631968,0.7126886,0.36616075,-0.034360826,-0.039599396
281,-0.029304089,0.27580464,0.5560097,0.051143967,0.067582555
282,0.2892037,0.77799225,0.5910387,-0.3343476,-0.15420964
283,0.59997225,0.6238985,0.68239784,-0.38967398,0.3490927
284,-0.1118294,0.04926239,0.061206874,0.19452366,-0.17909443
285,-0.0069289077,0.23743185,0.31485564,-0.24835864,0.027591087
286,-0.18190588,0.023954777,0.24451081,0.1425755,-0.27086824
287,0.07331697,0.3725265,0.9522152,0.1832565,-0.06834272
288,-0.21575117,0.41144,0.19725876,-0.30978408,0.2169978
289,-0.08427364,0.7005205,0.14043365,-0.043131612,-0.36553317
290,0.086485416,0.5720348,0.63802975,-0.18051305,0.00047235936
291,-0.019302892,0.57956445,0.14906193,-0.020538986,-0.4924119
292,0.19457701,0.23495561,0.19577904,-0.23203085,-0.08595049
293,-0.0053269733,0.30896008,0.3666748,-0.083648644,0.19044209
294,-0.2774064,0.35802335,0.23913138,0.09030855,-0.4193326
295,-0.26039255,-0.07180375,0.17603983,0.009468725,0.2661686
296,-0.015264312,0.13197006,0.5299646,-0.062343895,-0.07592588
297,0.07651418,0.55611765,0.38601342,-0.21340428,-0.050258942
298,-0.66173285,0.029268065,-0.06995274,0.19673711,0.12616473
299,-0.52456695,0.008356968,0.019870423,0.09004465,0.15212828
300,0.1591175,0.10632669,-0.032922752,0.010401143,0.0016622506
301,-0.35975763,0.036569946,-0.007469207,-0.03589183,0.18876177
302,-0.13582619,0.28761125,0.26491252,-0.041971713,-0.24319619
303,-0.08663947,0.13167879,0.28781113,-0.13721287,-0.081509136
304,-0.25931507,0.25195754,0.36982927,-0.4133553,0.047374077
305,0.23948541,0.5486486,0.61190045,-0.124260634,0.17571619
306,-0.025846453,0.15043335,0.6784841,-0.052776545,0.19846863
307,-0.22752191,0.5031062,0.48295572,-0.15559785,0.34977686
308,-0.22607177,0.41834575,0.76485515,-0.031938896,0.67153084
309,0.015620051,0.38237756,0.27683255,-0.12088957,0.14224005
310,-0.20201513,0.66621304,0.39150503,-0.17777377,-0.30118117
311,-0.10661496,0.16399975,-0.04384161,-0.19095568,-0.08761076
312,-0.1759632,0.28518942,0.5325315,0.21386646,-0.36240596
313,0.15085313,0.4224565,0.55162543,-0.07801918,0.18024969
314,0.17629364,0.42853788,0.31964308,-0.1596166,-0.05130919
315,-0.12561807,0.51432836,0.732116,-0.053441763,0.475051
316,0.13989933,0.4667941,0.3684434,-0.21578549,-0.18391168
317,-0.36491543,0.11787113,-0.161965,0.052191943,0.026732855
318,-0.18766633,0.33976316,0.080213144,-0.08816037,0.030486561
319,-0.37777662,0.28581452,0.9928391,0.07731694,0.19903895
320,-0.6525746,0.05409435,-0.42890695,0.075695634,0.03688798
321,-0.27052408,0.2625981,0.2608698,-0.048945546,0.21790135
322,-0.16004919,0.15611345,0.14844324,-0.080924205,-0.088281125
323,-0.34928143,0.22598283,0.09675464,-0.16999654,0.20162827
324,0.1274522,0.62972766,0.946801,-0.23689744,0.5778533
325,0.59941775,0.8649286,0.98133886,-0.26252544,0.08867081
326,-0.23081005,0.75287366,0.8035493,-0.083538905,0.18513957
327,0.04729046,0.46270233,0.26543263,-0.24240287,-0.009602912
328,-0.22435191,0.6342411,0.39492545,0.020986306,-0.26211977
329,0.03314708,0.13855782,0.3372639,-0.28126344,-0.003988281
330,-0.2333503,0.16375247,-0.059933703,-0.19895945,-0.024052154
331,-0.24152751,0.17410003,0.7690513,-0.014136834,0.17153817
332,-0.5715496,0.084338404,0.21567161,0.08110189,-0.29548335
333,-0.02032611,0.04092375,0.6553539,0.039947838,-0.08544705
334,-0.13111702,0.07438802,0.6929229,0.22885546,0.29499823
335,-0.06300738,0.10983487,0.808644,-0.030844675,0.2665244
336,-0.10248582,-0.16391253,0.46925047,0.26586547,-0.1676057
337,-0.021776797,0.103193216,-0.07103033,-0.21690813,0.037464768
338,0.04838676,0.33486432,0.19799533,-0.18268855,-0.020173036
339,-0.11698994,-0.03476283,-0.09001279,-0.034534372,-0.087713614
340,0.08076921,0.16826041,0.2706224,0.072484374,0.05132905
341,-0.12779102,0.25124988,0.06366353,-0.30757007,0.2517388
342,-0.09003803,0.25344643,0.00881052,-0.07070803,0.073642276
343,-0.3196682,0.046770766,0.43708202,0.19453971,-0.012890823
344,-0.13644256,-0.14851052,0.15608232,-0.14433867,-0.15964869
345,0.23616582,0.26243195,1.1222875,0.029551284,0.10939901
346,0.019429205,0.10198004,0.65807927,0.18904719,0.5014527
347,-0.19305088,0.29198855,0.5286044,-0.14392647,0.0039207414
348,0.15687108,0.16805261,0.68514925,0.1614845,0.104084484
349,-0.15047276,0.041381344,0.5289796,-0.07578239,-0.103307195
350,-0.22358364,0.77361035,0.6785414,-0.13960613,-0.3715613
351,0.2041185,0.21373563,0.5248455,-0.35384798,0.3435711
352,-0.15866958,0.31553972,0.14912033,-0.13565344,0.018048637
353,-0.6469017,0.048414037,-0.0702817,0.03301029,0.2839971
354,-0.33685097,0.0054660607,-0.054982055,0.040930696,-0.11241379
355,-0.21282297,-0.081830844,0.11899997,-0.24371856,0.24933007
356,0.0482485,0.45303106,0.22593589,0.03465511,-0.036540143
357,-0.07523006,0.2145603,0.37884662,-0.11081208,-0.29848677
358,-0.3601985,0.9795369,0.6544533,0.010896875,-0.3612836
359,0.24708393,0.5377117,0.39906338,-0.10294864,0.046158016
360,0.08041495,0.22998767,0.22266495,-0.1436503,0.20971674
361,-0.22500688,0.35819295,-0.123478785,-0.042094544,0.0058640093
362,-0.008496786,0.3333518,0.08314209,0.082610264,-0.4283709
363,0.22193271,0.26129228,0.73919374,-0.0713695,0.08446833
364,-0.013204502,0.53435254,0.0928365,-0.14856407,-0.2743478
365,-0.39461496,0.17550582,-0.3402836,0.04149303,-0.060567856
366,-0.06867945,0.60167015,0.099262804,-0.19775312,-0.046761356
367,-0.35659298,0.065832056,0.4436688,-0.28412232,-0.004931638
368,0.16811448,0.64148295,0.72137666,-0.36426318,0.32513857
369,-0.44938663,0.23503421,0.53547925,0.06120743,-0.027273707
370,0.24253744,0.4593535,0.068927124,-0.37589973,0.49301064
371,-0.10808015,0.02012547,0.81668556,-0.03422951,0.29849005
372,-0.09651509,-0.026775932,0.2684825,-0.0402757,0.013084002
373,-0.049615175,0.12936455,0.06169017,0.1571642,-0.39083406
374,-0.16059,0.37108567,0.700505,-0.13931572,0.10710064
375,0.364714,0.11678717,0.81901217,0.12598555,-0.076639265
376,0.09720732,0.5594179,0.429658,-0.21121198,-0.22815114
377,-0.11021723,0.019265855,0.6687906,0.2224712,-0.13537759
378,-0.6740532,0.28636235,-0.02321038,-0.06544247,0.36659703
379,-0.3900883,0.022933522,0.03918803,-0.13488902,0.08472756
380,0.09544471,0.24957013,0.58413076,-0.037504613,0.08990628
381,0.43763864,0.82693255,0.42343095,-0.34774256,-0.025912412
382,0.039941013,0.46666217,0.34356695,-0.2980745,-0.057904713
383,-0.9985646,-0.34158647,0.90448856,-0.019621609,0.24325487
384,-0.3986245,0.24313293,-0.010267194,-0.15119493,-0.08021179
385,0.41397503,0.13909768,0.5941075,-0.2736473,0.07396375
386,0.27645612,0.5301374,0.470956,-0.3519666,-0.022792153
387,-0.055254728,0.12255928,0.3908027,0.20579638,0.2032935
388,-0.18807293,0.04875391,0.28097358,-0.024298592,-0.2855393
389,-0.17841993,0.35274285,0.102057576,-0.09363852,-0.10332899
390,-0.049647063,0.3781623,0.6887939,-0.1604251,0.31522664
391,-0.03508316,0.1961971,0.66134906,-0.21981433,0.15793431
392,-0.109907284,0.15283714,0.17624097,-0.06402717,-0.12892464
393,-0.16442838,0.21372479,0.9088837,-0.2339346,0.5443344
394,-0.4591766,-0.03481864,0.12174116,-0.39515015,-0.21601185
395,-0.13632032,0.22364904,0.5384289,0.25945187,-0.35606742
396,-0.012180211,0.45775908,0.7146633,-0.09076398,0.2839604
397,-0.1296375,0.2972328,0.10098229,-0.15938233,-0.1300821
398,-0.29646203,0.5382562,0.32062784,-0.036187693,-0.33351707
399,-0.2639244,0.46540183,0.58097017,-0.23875566,0.25059357
400,-0.08243635,0.15039141,-0.22404683,-0.21856388,0.09977392
401,-0.2156944,0.45079556,0.17618279,-0.16292173,-0.17316219
402,-0.18132247,0.26764077,0.53281784,-0.120370165,0.058614157
403,0.234819,0.27691436,0.51946735,-0.09680308,0.065858744
404,-0.43684104,-0.03692145,0.19688103,0.25966433,-0.25960565
405,0.24698535,0.28078595,0.317078,-0.0671328,0.17080864
406,-0.032896176,0.1336478,-0.09619133,-0.18977314,-0.119624875
407,-0.27961645,0.020509513,0.07064879,0.066147976,0.010016466
408,-0.38034204,-0.038240217,0.13826242,0.1312794,0.0019688867
409,-0.33819762,0.042359173,0.34224233,-0.033528775,0.18495011
410,-0.15937732,0.30581552,0.3354171,-0.18180376,0.04669661
411,-0.6706329,0.23937425,0.18319146,-0.1562858,0.040256508
412,0.33738726,0.859787,0.7445431,-0.42642295,0.24763787
413,0.038806,0.22101992,0.45692185,0.03048888,0.02312383
414,-0.07260631,0.25431278,0.079790816,-0.037758067,-0.09655187
415,0.029586924,0.17262457,0.5226193,-0.022426145,0.13564691
416,-0.105330616,0.2883225,0.18989879,-0.23156948,-0.15368491
417,-0.17077431,0.39094013,0.36774445,-0.33583724,-0.111923404
418,-0.23870915,0.054090746,-0.2566344,-0.03489489,0.015590429
419,-0.51708853,-0.020107677,0.4059653,0.090038694,-0.06122645
420,0.19298238,0.49848914,0.51297235,-0.096932806,-0.020862538
421,0.055792555,0.22148557,0.5874783,0.06640521,-0.16628242
422,0.020435465,0.014702061,0.38882026,0.24771401,-0.15483901
423,-0.11003558,0.38785213,0.058678705,-0.3482706,-0.046054307
424,-0.011378856,0.3383798,0.15377755,-0.19581333,0.24491411
425,-0.23746164,0.12810612,0.30652636,-0.15431844,-0.018096969
426,0.15115416,0.3098764,0.40949824,-0.16003323,0.14772409
427,-0.3625166,0.4133448,0.070716664,-0.20780364,0.048898973
428,0.15282288,0.26814747,-0.21942797,-0.13193041,-0.08656013
429,-0.086119294,-0.053443633,0.40208042,-0.08972365,0.084254675
430,-0.25824338,0.22370191,0.28828093,-0.08372866,-0.0056171045
431,-0.13254294,0.23619632,-0.009720888,0.00032258965,-0.13025492
432,-0.020299004,0.5166594,0.5960557,-0.15016922,0.24365258
433,-0.42540005,0.37435645,0.8991732,0.09429537,-0.08219802
434,0.54778785,0.69281244,0.018398922,-0.1588372,0.1683934
435,-0.39898098,0.028318072,0.22843593,-0.18527126,0.43641168
436,-0.119670525,0.26250616,0.4587138,-0.05104267,0.28780133
437,-0.17586538,0.13694635,0.22590108,-0.19623262,0.37155807
438,-0.360073,0.25966617,1.1648457,0.30520058,0.36898834
439,-0.548299,0.02505389,-0.10018174,0.16452861,-0.19049194
440,0.086298734,0.33104363,0.49415025,0.018778684,0.071108125
441,-0.66175133,-0.11087299,0.29395732,-0.43594387,0.13616441
442,-0.17008235,0.14598562,0.37692603,-0.52296346,-0.008270901
443,-0.6089205,-0.007796591,0.08538383,-0.3802873,0.09749285
444,-0.045626357,0.62971616,0.47651199,-0.31509537,0.24550644
445,0.14988963,0.30634665,0.040452804,-0.041469187,-0.21196258
446,-0.08141738,0.0020572785,0.98379767,0.32426852,0.09203344
447,-0.11072125,0.10097459,-0.14451425,0.076578364,0.13780898
448,-0.2900919,0.27367586,0.44541603,-0.168419,0.0347301
449,0.08445808,0.40509826,0.3684855,-0.30359003,0.3573391
450,0.04893908,0.18077508,-0.16128287,-0.22267067,0.08334833
451,-0.3917007,0.059076026,0.12177111,0.07156102,0.006004013
452,-0.19836897,0.14511104,0.16982773,-0.043021627,-0.14773718
453,0.2738733,1.0057822,0.74381006,-0.66150665,0.030469038
454,-0.19286016,-0.029478101,1.0728072,0.5446568,-0.2234506
455,-0.3891026,-0.010644386,0.4519703,-0.10637748,0.09466742
456,-0.10415221,-0.014457731,0.22554787,-0.06928263,0.017912464
457,-0.3064808,0.0026306454,0.025185522,-0.09735243,-0.077369116
458,-0.23759785,0.50319254,0.23810853,-0.19687672,0.10728535
459,-0.27035162,0.010717953,1.3577458,0.59710974,0.28837767
460,0.09047571,0.31492922,0.19883202,-0.24095772,0.049734857
461,-0.27671745,-0.02619495,0.005045686,-0.022325922,0.12207905
462,0.3341343,0.21421303,-0.046628695,-0.118371435,0.11030723
463,0.14880428,0.30806735,0.32630596,-0.1767677,-0.01717009
464,-0.5571639,0.11668939,-0.19841027,0.15044865,-0.36466601
465,-0.15472049,0.5434465,0.925393,-0.18645406,0.0460172
466,-0.13158046,0.19124176,-0.16291648,-0.13046005,-0.0019629598
467,0.058646873,0.53110206,0.40880623,-0.33032355,-0.057603814
468,-0.11933821,-0.03675083,0.4653838,0.18030307,0.27773672
469,0.27443165,0.7041174,0.63163847,-0.1537033,-0.11265167
470,-0.1013097,0.15197463,0.013567854,-0.01705992,0.04089672
471,0.29626256,0.23551099,0.024790164,-0.07525491,0.09666525
472,-0.13220167,0.21624444,1.2524918,0.2487382,0.18508685
473,0.03253316,0.2245685,0.51072246,-0.1636592,-0.048540898
474,-0.077779755,0.4777797,0.19438566,-0.35723427,-0.035719223
475,0.036914825,0.9192727,1.021949,-0.19330172,0.36443222
476,-0.6890608,0.19168106,-0.31513175,-0.007900363,-0.24902952
477,0.35301948,0.22108166,0.8639434,0.113671705,0.25982174
478,-0.18596971,0.49499756,0.73278755,-0.2179435,0.0796924
479,-0.20800135,0.11064229,0.33732563,-0.1495469,-0.012063988
480,-0.10617486,-0.07959591,0.11070968,-0.18781568,-0.110155396
481,-0.23390009,0.5824779,0.5650975,-0.40506175,0.05578632
482,-0.11623433,0.23048003,0.038988568,-0.02123831,0.17315093
483,0.08167064,-0.022306351,0.56883955,-0.17142749,-0.15389591
484,-0.13342665,0.048738338,0.7221805,0.28151044,0.03387382
485,0.11027153,0.30123726,0.46514675,-0.05338954,-0.092389435
486,-0.20373146,0.3167253,0.24753143,-0.09386878,0.11092286
487,-0.03680709,0.3531791,0.16339234,-0.0663276,0.17399845
488,0.017569331,0.7029276,0.4350029,-0.23271525,-0.20076764
489,-0.06273851,0.5530373,0.4897934,-0.009849874,-0.0019536987
490,-0.49178523,0.0032989327,1.2671547,-0.007254256,-0.052344255
491,-0.45721883,0.1401781,0.24914299,-0.37861636,0.21141535
